wheel_travel [mm],shock_travel [mm],leverage_ratio [-],anti_squat [%],axle_x [mm],axle_y [mm],chain_growth [mm],ic_x [mm],ic_y [mm]
0.000,0.000,2.902,129.582,-437.000,-5.000,0.000,617.6,186.1
0.690,0.238,2.897,129.155,-437.124,-4.310,0.117,611.1,183.6
1.381,0.476,2.893,128.728,-437.247,-3.619,0.234,604.6,181.1
2.072,0.716,2.888,128.303,-437.369,-2.928,0.351,598.3,178.7
2.764,0.956,2.884,127.878,-437.490,-2.236,0.467,592.0,176.3
3.457,1.196,2.879,127.453,-437.610,-1.543,0.584,585.9,174.0
4.150,1.437,2.874,127.030,-437.728,-0.850,0.700,579.8,171.7
4.844,1.679,2.870,126.607,-437.845,-0.156,0.816,573.8,169.5
5.539,1.921,2.865,126.186,-437.961,0.539,0.932,567.9,167.3
6.235,2.164,2.861,125.764,-438.075,1.235,1.049,562.1,165.1
6.931,2.407,2.856,125.344,-438.189,1.931,1.164,556.3,163.0
7.627,2.652,2.852,124.924,-438.301,2.627,1.280,550.6,160.8
8.325,2.896,2.847,124.505,-438.412,3.325,1.396,545.0,158.8
9.023,3.142,2.843,124.087,-438.521,4.023,1.511,539.5,156.7
9.721,3.388,2.838,123.669,-438.630,4.721,1.627,534.0,154.7
10.420,3.634,2.834,123.252,-438.737,5.420,1.742,528.6,152.8
11.120,3.881,2.829,122.836,-438.843,6.120,1.857,523.3,150.8
11.820,4.129,2.825,122.421,-438.948,6.820,1.972,518.0,148.9
12.521,4.377,2.820,122.006,-439.051,7.521,2.087,512.8,147.0
13.222,4.626,2.816,121.591,-439.153,8.222,2.201,507.7,145.2
13.924,4.875,2.811,121.178,-439.254,8.924,2.316,502.6,143.4
14.626,5.125,2.807,120.765,-439.353,9.626,2.430,497.6,141.6
15.329,5.376,2.803,120.353,-439.452,10.329,2.545,492.7,139.8
16.033,5.627,2.798,119.941,-439.549,11.033,2.659,487.8,138.1
16.736,5.879,2.794,119.530,-439.645,11.736,2.773,482.9,136.4
17.441,6.131,2.790,119.119,-439.739,12.441,2.886,478.1,134.7
18.145,6.384,2.785,118.710,-439.832,13.145,3.000,473.4,133.0
18.851,6.637,2.781,118.300,-439.924,13.851,3.113,468.7,131.4
19.556,6.891,2.777,117.892,-440.015,14.556,3.227,464.1,129.8
20.262,7.146,2.772,117.484,-440.104,15.262,3.340,459.5,128.2
20.969,7.401,2.768,117.076,-440.192,15.969,3.453,455.0,126.7
21.676,7.656,2.764,116.669,-440.279,16.676,3.566,450.5,125.1
22.383,7.912,2.760,116.263,-440.364,17.383,3.679,446.1,123.6
23.091,8.169,2.755,115.857,-440.448,18.091,3.791,441.7,122.1
23.799,8.426,2.751,115.452,-440.531,18.799,3.903,437.3,120.7
24.507,8.684,2.747,115.047,-440.613,19.507,4.016,433.0,119.2
25.216,8.942,2.743,114.643,-440.693,20.216,4.128,428.8,117.8
25.925,9.201,2.739,114.239,-440.772,20.925,4.240,424.6,116.4
26.634,9.460,2.734,113.836,-440.849,21.634,4.351,420.4,115.0
27.344,9.720,2.730,113.433,-440.926,22.344,4.463,416.3,113.7
28.054,9.980,2.726,113.031,-441.001,23.054,4.574,412.2,112.3
28.764,10.241,2.722,112.630,-441.074,23.764,4.685,408.1,111.0
29.475,10.502,2.718,112.229,-441.147,24.475,4.796,404.1,109.7
30.186,10.764,2.714,111.828,-441.218,25.186,4.907,400.1,108.4
30.897,11.026,2.710,111.428,-441.287,25.897,5.018,396.2,107.2
31.608,11.289,2.706,111.029,-441.356,26.608,5.128,392.3,106.0
32.320,11.552,2.701,110.629,-441.423,27.320,5.239,388.4,104.7
33.032,11.816,2.697,110.231,-441.489,28.032,5.349,384.6,103.5
33.744,12.080,2.693,109.833,-441.553,28.744,5.459,380.8,102.4
34.456,12.345,2.689,109.435,-441.616,29.456,5.569,377.1,101.2
35.168,12.610,2.685,109.038,-441.678,30.168,5.678,373.3,100.0
35.881,12.875,2.681,108.641,-441.738,30.881,5.788,369.6,98.9
36.594,13.141,2.677,108.245,-441.797,31.594,5.897,366.0,97.8
37.307,13.408,2.674,107.849,-441.855,32.307,6.006,362.3,96.7
38.020,13.675,2.670,107.453,-441.911,33.020,6.115,358.8,95.6
38.734,13.942,2.666,107.058,-441.967,33.734,6.224,355.2,94.6
39.447,14.210,2.662,106.664,-442.020,34.447,6.332,351.7,93.5
40.161,14.478,2.658,106.270,-442.073,35.161,6.440,348.1,92.5
40.874,14.747,2.654,105.876,-442.124,35.874,6.548,344.7,91.5
41.588,15.016,2.650,105.483,-442.174,36.588,6.656,341.2,90.5
42.302,15.286,2.646,105.090,-442.222,37.302,6.764,337.8,89.5
43.016,15.556,2.642,104.697,-442.269,38.016,6.872,334.4,88.5
43.731,15.826,2.639,104.305,-442.315,38.731,6.979,331.0,87.6
44.445,16.097,2.635,103.914,-442.359,39.445,7.086,327.7,86.6
45.159,16.369,2.631,103.522,-442.403,40.159,7.193,324.4,85.7
45.873,16.640,2.627,103.131,-442.444,40.873,7.300,321.1,84.8
46.588,16.912,2.624,102.741,-442.485,41.588,7.406,317.9,83.9
47.302,17.185,2.620,102.351,-442.524,42.302,7.513,314.6,83.0
48.017,17.458,2.616,101.961,-442.562,43.017,7.619,311.4,82.2
48.731,17.731,2.612,101.571,-442.598,43.731,7.725,308.2,81.3
49.446,18.005,2.609,101.182,-442.633,44.446,7.830,305.1,80.5
50.160,18.279,2.605,100.794,-442.667,45.160,7.936,301.9,79.6
50.875,18.553,2.601,100.405,-442.699,45.875,8.041,298.8,78.8
51.589,18.828,2.598,100.017,-442.730,46.589,8.146,295.7,78.0
52.303,19.103,2.594,99.630,-442.760,47.303,8.251,292.7,77.2
53.018,19.379,2.591,99.242,-442.788,48.018,8.356,289.6,76.5
53.732,19.655,2.587,98.855,-442.816,48.732,8.460,286.6,75.7
54.446,19.931,2.583,98.469,-442.841,49.446,8.565,283.6,74.9
55.161,20.208,2.580,98.082,-442.866,50.161,8.669,280.6,74.2
55.875,20.485,2.576,97.696,-442.889,50.875,8.773,277.7,73.5
56.589,20.762,2.573,97.311,-442.910,51.589,8.876,274.7,72.8
57.303,21.040,2.569,96.925,-442.931,52.303,8.980,271.8,72.1
58.016,21.318,2.566,96.540,-442.950,53.016,9.083,268.9,71.4
58.730,21.596,2.562,96.156,-442.968,53.730,9.186,266.0,70.7
59.444,21.875,2.559,95.771,-442.984,54.444,9.289,263.2,70.0
60.157,22.154,2.556,95.387,-442.999,55.157,9.391,260.3,69.4
60.871,22.433,2.552,95.003,-443.013,55.871,9.493,257.5,68.7
61.584,22.713,2.549,94.620,-443.025,56.584,9.596,254.7,68.1
62.297,22.993,2.545,94.236,-443.036,57.297,9.698,251.9,67.5
63.010,23.273,2.542,93.853,-443.046,58.010,9.799,249.2,66.9
63.722,23.554,2.539,93.471,-443.055,58.722,9.901,246.4,66.3
64.435,23.834,2.535,93.088,-443.062,59.435,10.002,243.7,65.7
65.147,24.116,2.532,92.706,-443.068,60.147,10.103,241.0,65.1
65.859,24.397,2.529,92.324,-443.072,60.859,10.204,238.3,64.5
66.571,24.679,2.526,91.943,-443.075,61.571,10.304,235.6,64.0
67.283,24.961,2.522,91.561,-443.077,62.283,10.405,233.0,63.4
67.994,25.243,2.519,91.180,-443.078,62.994,10.505,230.3,62.9
68.705,25.525,2.516,90.799,-443.077,63.705,10.605,227.7,62.4
69.416,25.808,2.513,90.419,-443.075,64.416,10.704,225.1,61.8
70.127,26.091,2.510,90.038,-443.072,65.127,10.804,222.5,61.3
70.838,26.374,2.506,89.658,-443.067,65.838,10.903,219.9,60.8
71.548,26.658,2.503,89.278,-443.061,66.548,11.002,217.4,60.4
72.258,26.942,2.500,88.898,-443.054,67.258,11.101,214.8,59.9
72.967,27.226,2.497,88.519,-443.045,67.967,11.199,212.3,59.4
73.677,27.510,2.494,88.140,-443.035,68.677,11.298,209.8,58.9
74.386,27.794,2.491,87.761,-443.024,69.386,11.396,207.3,58.5
75.094,28.079,2.488,87.382,-443.011,70.094,11.494,204.8,58.1
75.803,28.364,2.485,87.003,-442.997,70.803,11.591,202.4,57.6
76.511,28.649,2.482,86.625,-442.982,71.511,11.689,199.9,57.2
77.218,28.934,2.479,86.247,-442.966,72.218,11.786,197.5,56.8
77.926,29.220,2.476,85.869,-442.948,72.926,11.883,195.0,56.4
78.633,29.506,2.473,85.491,-442.929,73.633,11.979,192.6,56.0
79.340,29.791,2.470,85.113,-442.909,74.340,12.076,190.2,55.6
80.046,30.078,2.468,84.736,-442.887,75.046,12.172,187.9,55.2
80.752,30.364,2.465,84.359,-442.864,75.752,12.268,185.5,54.8
81.457,30.650,2.462,83.982,-442.840,76.457,12.364,183.1,54.5
82.163,30.937,2.459,83.605,-442.815,77.163,12.459,180.8,54.1
82.867,31.224,2.456,83.228,-442.788,77.867,12.554,178.5,53.8
83.572,31.510,2.454,82.852,-442.760,78.572,12.649,176.2,53.4
84.276,31.798,2.451,82.475,-442.731,79.276,12.744,173.9,53.1
84.979,32.085,2.448,82.099,-442.701,79.979,12.839,171.6,52.8
85.682,32.372,2.445,81.723,-442.669,80.682,12.933,169.3,52.5
86.385,32.660,2.443,81.347,-442.636,81.385,13.027,167.0,52.2
87.087,32.947,2.440,80.971,-442.602,82.087,13.121,164.8,51.9
87.789,33.235,2.438,80.596,-442.566,82.789,13.214,162.5,51.6
88.490,33.523,2.435,80.220,-442.529,83.490,13.308,160.3,51.3
89.191,33.811,2.432,79.845,-442.491,84.191,13.401,158.1,51.0
89.891,34.099,2.430,79.470,-442.452,84.891,13.493,155.9,50.8
90.591,34.387,2.427,79.095,-442.411,85.591,13.586,153.7,50.5
91.291,34.675,2.425,78.720,-442.369,86.291,13.678,151.5,50.2
91.989,34.964,2.422,78.345,-442.326,86.989,13.770,149.4,50.0
92.688,35.252,2.420,77.970,-442.282,87.688,13.862,147.2,49.8
93.386,35.541,2.417,77.596,-442.237,88.386,13.954,145.1,49.5
94.083,35.829,2.415,77.221,-442.190,89.083,14.045,142.9,49.3
94.780,36.118,2.413,76.847,-442.142,89.780,14.136,140.8,49.1
95.476,36.407,2.410,76.473,-442.093,90.476,14.227,138.7,48.9
96.172,36.695,2.408,76.099,-442.042,91.172,14.318,136.6,48.7
96.867,36.984,2.406,75.725,-441.990,91.867,14.408,134.5,48.5
97.562,37.273,2.404,75.351,-441.938,92.562,14.498,132.5,48.3
98.256,37.562,2.401,74.977,-441.883,93.256,14.588,130.4,48.1
98.949,37.851,2.399,74.603,-441.828,93.949,14.678,128.3,47.9
99.642,38.140,2.397,74.230,-441.772,94.642,14.767,126.3,47.8
100.335,38.429,2.395,73.856,-441.714,95.335,14.856,124.3,47.6
101.026,38.718,2.393,73.482,-441.655,96.026,14.945,122.2,47.5
101.717,39.007,2.391,73.109,-441.595,96.717,15.034,120.2,47.3
102.408,39.296,2.388,72.736,-441.533,97.408,15.122,118.2,47.2
103.098,39.585,2.386,72.362,-441.471,98.098,15.210,116.2,47.0
103.787,39.874,2.384,71.989,-441.407,98.787,15.298,114.2,46.9
104.476,40.163,2.382,71.616,-441.342,99.476,15.385,112.3,46.8
105.164,40.452,2.380,71.243,-441.276,100.164,15.473,110.3,46.7
105.852,40.741,2.379,70.870,-441.209,100.852,15.560,108.4,46.6
106.538,41.030,2.377,70.497,-441.140,101.538,15.647,106.4,46.5
107.225,41.318,2.375,70.123,-441.071,102.225,15.733,104.5,46.4
107.910,41.607,2.373,69.751,-441.000,102.910,15.820,102.6,46.3
108.595,41.896,2.371,69.378,-440.928,103.595,15.906,100.6,46.2
109.279,42.185,2.369,69.005,-440.855,104.279,15.991,98.7,46.1
109.963,42.473,2.368,68.632,-440.781,104.963,16.077,96.8,46.0
110.645,42.762,2.366,68.259,-440.705,105.645,16.162,95.0,46.0
111.327,43.050,2.364,67.886,-440.629,106.327,16.247,93.1,45.9
112.009,43.338,2.363,67.513,-440.551,107.009,16.332,91.2,45.9
112.690,43.627,2.361,67.140,-440.472,107.690,16.417,89.4,45.8
113.370,43.915,2.359,66.768,-440.392,108.370,16.501,87.5,45.8
114.049,44.203,2.358,66.395,-440.311,109.049,16.585,85.7,45.7
114.727,44.491,2.356,66.022,-440.228,109.727,16.669,83.8,45.7
115.405,44.778,2.355,65.649,-440.145,110.405,16.752,82.0,45.7
116.082,45.066,2.353,65.276,-440.060,111.082,16.835,80.2,45.6
116.759,45.353,2.352,64.903,-439.975,111.759,16.918,78.4,45.6
117.434,45.641,2.351,64.531,-439.888,112.434,17.001,76.6,45.6
118.109,45.928,2.349,64.158,-439.800,113.109,17.083,74.8,45.6
118.783,46.215,2.348,63.785,-439.711,113.783,17.166,73.0,45.6
119.457,46.502,2.347,63.412,-439.621,114.457,17.247,71.2,45.6
120.129,46.789,2.345,63.039,-439.529,115.129,17.329,69.5,45.6
120.801,47.075,2.344,62.666,-439.437,115.801,17.410,67.7,45.6
121.472,47.361,2.343,62.293,-439.344,116.472,17.492,66.0,45.7
122.142,47.648,2.342,61.920,-439.249,117.142,17.573,64.2,45.7
122.812,47.933,2.341,61.546,-439.154,117.812,17.653,62.5,45.7
123.481,48.219,2.340,61.173,-439.057,118.481,17.733,60.8,45.7
124.148,48.505,2.339,60.800,-438.959,119.148,17.814,59.1,45.8
124.815,48.790,2.338,60.427,-438.860,119.815,17.893,57.4,45.8
125.482,49.075,2.337,60.053,-438.760,120.482,17.973,55.7,45.9
126.147,49.360,2.336,59.680,-438.659,121.147,18.052,54.0,45.9
126.812,49.644,2.335,59.306,-438.557,121.812,18.131,52.3,46.0
127.475,49.929,2.334,58.933,-438.454,122.475,18.210,50.6,46.1
128.138,50.213,2.334,58.559,-438.350,123.138,18.289,49.0,46.1
128.800,50.496,2.333,58.185,-438.245,123.800,18.367,47.3,46.2
129.462,50.780,2.332,57.811,-438.138,124.462,18.445,45.6,46.3
130.122,51.063,2.331,57.437,-438.031,125.122,18.523,44.0,46.4
130.781,51.346,2.331,57.063,-437.923,125.781,18.600,42.4,46.5
131.440,51.629,2.330,56.689,-437.813,126.440,18.677,40.7,46.5
132.098,51.911,2.330,56.315,-437.703,127.098,18.754,39.1,46.6
132.755,52.193,2.329,55.940,-437.592,127.755,18.831,37.5,46.7
133.411,52.475,2.329,55.566,-437.479,128.411,18.907,35.9,46.9
134.066,52.756,2.328,55.191,-437.366,129.066,18.983,34.3,47.0
134.720,53.037,2.328,54.816,-437.251,129.720,19.059,32.7,47.1
135.373,53.318,2.328,54.441,-437.136,130.373,19.135,31.1,47.2
136.026,53.598,2.328,54.066,-437.019,131.026,19.210,29.5,47.3
136.677,53.878,2.327,53.691,-436.902,131.677,19.285,28.0,47.5
137.328,54.157,2.327,53.316,-436.783,132.328,19.360,26.4,47.6
137.978,54.436,2.327,52.940,-436.664,132.978,19.434,24.8,47.7
138.626,54.715,2.327,52.564,-436.544,133.626,19.509,23.3,47.9
139.274,54.994,2.327,52.189,-436.422,134.274,19.583,21.8,48.0
